{"AUC": 0.9484350726721995, "confusion_matrix": {"_type": "image-file", "sha256": "29594d0aac116f003c2de16d5b4210dc3586e2213e22d546eb9a83971117e566", "size": 93051, "path": "media/images/confusion_matrix_0_29594d0aac116f003c2d.png", "format": "png", "width": 1000, "height": 1000}, "_timestamp": 1733708496.1292298, "_runtime": 4.739923715591431, "_step": 0, "_wandb": {"runtime": 4}}